2025-11-12 15:44:23,850 [INFO] Data added to the file: b57404f8-2963-4fae-b306-237e1592ab3b, X-Path 0503 on 2025-11-12
2025-11-12 15:44:23,850 [INFO] Data added to the file: 74ccd204-69ff-4725-88bb-042fd80cb913, SCD-6342 on 2025-11-12
2025-11-12 15:44:23,850 [INFO] Data added to the file: 1e5c31fc-1bfb-481c-9c3e-22908eea6534, XXDGS on 2025-11-12
2025-11-12 15:44:23,850 [INFO] Data added to the file: dd3b044b-b9a6-4840-b2ed-35f9a438ee61, CCSS-XX on 2025-11-12
2025-11-12 15:44:23,851 [INFO] Data added to the file: b7d3eba7-464f-410a-9b1b-f89bef630b27, MDS-LL56 on 2025-11-12
2025-11-12 15:44:23,851 [INFO] Data added to the file: 443f4ce5-3c0a-427c-b17b-1828346fc60c, OMR-5642 on 2025-11-12
2025-11-12 15:44:23,851 [INFO] logging records added to the file: basicLogFile.csv
2025-11-12 15:45:35,747 [INFO] logging records added to the file: basicLogFile.csv
2025-11-12 15:47:03,024 [INFO] logging records added to the file: basicLogFile.csv
2025-11-12 15:47:18,344 [INFO] logging records added to the file: basicLogFile.csv
2025-11-12 15:47:34,078 [INFO] logging records added to the file: basicLogFile.csv
2025-11-12 15:49:35,572 [INFO] logging records added to the file: basicLogFile.csv
2025-11-12 15:50:28,495 [INFO] logging records added to the file: basicLogFile.csv
2025-11-12 16:01:54,562 [INFO] logging records added to the file: basicLogFile.csv
2025-11-12 16:03:04,543 [INFO] logging records added to the file: basicLogFile.csv
2025-11-12 16:04:05,239 [INFO] logging records added to the file: basicLogFile.csv
2025-11-12 16:04:47,787 [INFO] logging records added to the file: basicLogFile.csv
2025-11-12 16:05:25,354 [INFO] logging records added to the file: basicLogFile.csv
2025-11-12 16:07:22,143 [INFO] Data added to the file: d6e28095-3d03-42e8-a2db-759761f07f82, XXR-8000 on 2025-11-12
2025-11-12 16:07:22,143 [INFO] logging records added to the file: basicLogFile.csv
2025-11-12 16:08:35,587 [INFO] Data added to the file: d384744b-c8ba-4d30-8f6b-c45239a92c2b, FSG-79 on 2025-11-12
2025-11-12 16:08:35,587 [INFO] logging records added to the file: basicLogFile.csv
2025-11-12 16:16:51,705 [INFO] logging records added to the file: basicLogFile.csv
2025-11-13 12:39:06,471 [INFO] Data added to the file: 4967da52-211f-4fad-8324-b578e16f2469, AA74-75 on 2025-11-13
2025-11-13 12:39:06,471 [INFO] logging records added to the file: FnDataAnalytics/basicLogFile.csv
2025-11-13 12:41:28,684 [INFO] Data added to the file: 4a834845-daa8-4b76-b751-6eb87b0d2d3c, CDS-3043 on 2025-11-13
2025-11-13 12:41:28,684 [INFO] logging records added to the file: FnDataAnalytics/basicLogFile.csv
